{
  "project_info": {
    "project_number": "116137303432",
    "firebase_url": "https://rescuesquadtracking.firebaseio.com",
    "project_id": "rescuesquadtracking",
    "storage_bucket": "rescuesquadtracking.appspot.com"
  },
  "client": [
    {
      "client_info": {
        "mobilesdk_app_id": "1:116137303432:android:e55f5b42a8fecd62",
        "android_client_info": {
          "package_name": "com.example.rescuesquad"
        }
      },
      "oauth_client": [
        {
          "client_id": "116137303432-p7gesickte8qoqk73ml7gmlntghke3fg.apps.googleusercontent.com",
          "client_type": 1,
          "android_info": {
            "package_name": "com.example.rescuesquad",
            "certificate_hash": "ac37bc918945bd690dd49a2381be5e79f0ec4f8d"
          }
        },
        {
          "client_id": "116137303432-mssprvs9s074cc3r2so9rt40a2p1lhme.apps.googleusercontent.com",
          "client_type": 3
        }
      ],
      "api_key": [
        {
          "current_key": "AIzaSyBuefC4CP8bM5CeMjABYAszg3e8aR2dQQ8"
        }
      ],
      "services": {
        "appinvite_service": {
          "other_platform_oauth_client": [
            {
              "client_id": "116137303432-mssprvs9s074cc3r2so9rt40a2p1lhme.apps.googleusercontent.com",
              "client_type": 3
            }
          ]
        }
      }
    }
  ],
  "configuration_version": "1"
}